target,config,auroc,auroc_std,delta_vs_all
anxiety,ALL features,0.8414,0.0024,0.0
anxiety,mean-pool baseline,0.7349,0.0,-0.1065
anxiety,- subreddit,0.84,0.0,-0.0014
anxiety,only subreddit,0.7067,0.0,-0.1347
anxiety,- comorbidity,0.8315,0.0,-0.0099
anxiety,only comorbidity,0.7579,0.0,-0.0835
anxiety,- order_stats,0.8397,0.0,-0.0017
anxiety,only order_stats,0.7737,0.0,-0.0677
anxiety,- temporal,0.8374,0.0,-0.004
anxiety,only temporal,0.6982,0.0,-0.1432
anxiety,- engagement,0.8379,0.0,-0.0035
anxiety,only engagement,0.7316,0.0,-0.1098
anxiety,- linguistic_shai,0.8424,0.0,0.001
anxiety,only linguistic_shai,0.7751,0.0,-0.0663
anxiety,significance vs baseline (bootstrap),0.1077,0.0,"CI[+0.077,+0.138] p=0"
health_anxiety,ALL features,0.885,0.0017,0.0
health_anxiety,mean-pool baseline,0.7986,0.0,-0.0863
health_anxiety,- subreddit,0.8817,0.0,-0.0033
health_anxiety,only subreddit,0.7738,0.0,-0.1112
health_anxiety,- comorbidity,0.8687,0.0,-0.0162
health_anxiety,only comorbidity,0.8243,0.0,-0.0607
health_anxiety,- order_stats,0.8864,0.0,0.0014
health_anxiety,only order_stats,0.8339,0.0,-0.051
health_anxiety,- temporal,0.882,0.0,-0.003
health_anxiety,only temporal,0.692,0.0,-0.193
health_anxiety,- engagement,0.8825,0.0,-0.0025
health_anxiety,only engagement,0.7006,0.0,-0.1844
health_anxiety,- linguistic_shai,0.8911,0.0,0.0061
health_anxiety,only linguistic_shai,0.8173,0.0,-0.0677
health_anxiety,significance vs baseline (bootstrap),0.0857,0.0,"CI[+0.046,+0.127] p=0"
depression,ALL features,0.8246,0.0037,0.0
depression,mean-pool baseline,0.614,0.0,-0.2106
depression,- subreddit,0.8204,0.0,-0.0041
depression,only subreddit,0.6844,0.0,-0.1402
depression,- comorbidity,0.8162,0.0,-0.0084
depression,only comorbidity,0.7024,0.0,-0.1222
depression,- order_stats,0.8214,0.0,-0.0032
depression,only order_stats,0.7209,0.0,-0.1037
depression,- temporal,0.8201,0.0,-0.0045
depression,only temporal,0.7397,0.0,-0.0849
depression,- engagement,0.8229,0.0,-0.0017
depression,only engagement,0.7322,0.0,-0.0924
depression,- linguistic_shai,0.8216,0.0,-0.003
depression,only linguistic_shai,0.7639,0.0,-0.0606
depression,significance vs baseline (bootstrap),0.2055,0.0,"CI[+0.176,+0.236] p=0"
